Rank,Title,Year,Rating
1,Breaking Bad,2008,9.5
2,Planet Earth II,2016,9.4
3,Planet Earth,2006,9.4
4,Band of Brothers,2001,9.4
5,Chernobyl,2019,9.3
6,The Wire,2002,9.3
7,Avatar: The Last Airbender,2005,9.3
8,The Sopranos,1999,9.2
9,Blue Planet II,2017,9.3
10,Cosmos: A Spacetime Odyssey,2014,9.2
11,Cosmos,1980,9.3
12,Our Planet,2019,9.2
13,Game of Thrones,2011,9.2
14,Bluey,2018,9.3
15,The World at War,1973,9.2
16,Fullmetal Alchemist: Brotherhood,2009,9.1
17,Attack on Titan,2013,9.1
18,Life,2009,9.1
19,The Last Dance,2020,9.0
20,The Twilight Zone,1959,9.0
21,The Vietnam War,2017,9.1
22,Rick and Morty,2013,9.0
23,Sherlock,2010,9.0
24,Batman: The Animated Series,1992,9.0
25,Better Call Saul,2015,9.0
26,Arcane,2021,9.0
27,The Office,2005,9.0
28,The Blue Planet,2001,9.0
29,Clarkson's Farm,2021,9.0
30,Scam 1992: The Harshad Mehta Story,2020,9.2
31,Dexter: Resurrection,2025,9.0
32,Hunter x Hunter,2011,9.0
33,Frozen Planet,2011,9.0
34,Human Planet,2011,9.0
35,Only Fools and Horses,1981,9.0
36,The Civil War,1990,9.0
37,Firefly,2002,8.9
38,As If,2021,9.0
39,Death Note,2006,8.9
40,Gravity Falls,2012,8.9
41,The Pitt,2025,8.9
42,Frieren: Beyond Journey's End,2023,8.9
43,Seinfeld,1989,8.9
44,Dekalog,1989,8.9
45,Taskmaster,2015,9.0
46,The Beatles: Get Back,2021,8.9
47,Cowboy Bebop,1998,8.9
48,Nathan for You,2013,8.9
49,True Detective,2014,8.8
50,Fargo,2014,8.8
51,Apocalypse: The Second World War,2009,9.0
52,Persona,2018,8.9
53,Africa,2013,8.9
54,One Piece,1999,9.0
55,When They See Us,2019,8.8
56,The West Wing,1999,8.9
57,Friends,1994,8.9
58,It's Always Sunny in Philadelphia,2005,8.8
59,Last Week Tonight with John Oliver,2014,8.8
60,TVF Pitchers,2015,9.1
61,Succession,2018,8.8
62,Bleach: Thousand-Year Blood War,2022,9.0
63,When Life Gives You Tangerines,2025,9.1
64,The Chosen,2017,9.1
65,Curb Your Enthusiasm,2000,8.8
66,Monty Python's Flying Circus,1969,8.8
67,Das Boot,1985,8.8
68,BoJack Horseman,2014,8.8
69,Panchayat,2020,9.0
70,Fawlty Towers,1975,8.8
71,Vinland Saga,2019,8.8
72,Dragon Ball Z,1996,8.8
73,Gullak,2019,9.1
74,Blackadder Goes Forth,1989,8.8
75,Leyla and Mecnun,2011,9.0
76,Dragon Ball Z,1989,8.8
77,Freaks and Geeks,1999,8.8
78,Chappelle's Show,2003,8.8
79,Pride and Prejudice,1995,8.8
80,Twin Peaks,1990,8.7
81,Narcos,2015,8.7
82,Reply 1988,2015,9.0
83,"I, Claudius",1976,8.8
84,South Park,1997,8.7
85,Kota Factory,2019,9.0
86,Over the Garden Wall,2014,8.7
87,Berserk,1997,8.7
88,Ted Lasso,2020,8.8
89,Steins;Gate,2011,8.8
90,Black Mirror,2011,8.7
91,My Mister,2018,9.0
92,Peaky Blinders,2013,8.7
93,Six Feet Under,2001,8.7
94,Rome,2005,8.7
95,Oz,1997,8.7
96,Dark,2017,8.7
97,Heated Rivalry,2025,8.9
98,X-Men '97,2024,8.7
99,The Grand Tour,2016,8.7
100,Monster,2004,8.7
101,The Shield,2002,8.7
102,Downton Abbey,2010,8.7
103,Fleabag,2016,8.7
104,Naruto: Shippuden,2007,8.7
105,Battlestar Galactica,2004,8.7
106,Peep Show,2003,8.7
107,Star Trek: The Next Generation,1987,8.7
108,Mad Men,2007,8.7
109,Invincible,2021,8.7
110,Blue Eye Samurai,2023,8.7
111,Still Game,2002,8.9
112,The Simpsons,1989,8.6
113,House,2004,8.7
114,Justice League Unlimited,2004,8.7
115,Mahabharat,1988,8.9
116,Severance,2022,8.6
117,The Adventures of Sherlock Holmes,1984,8.7
118,Line of Duty,2012,8.7
119,Arrested Development,2003,8.6
120,Top Gear,2002,8.7
121,Friday Night Lights,2006,8.7
122,The Marvelous Mrs. Maisel,2017,8.6
123,How to with John Wilson,2020,8.7
124,The Thick of It,2005,8.7
125,Code Geass,2006,8.7
126,This Is Us,2016,8.7
127,Father Ted,1995,8.6
128,Behzat Ç: An Ankara Detective Story,2010,8.8
129,Aspirants,2021,9.1
130,Adventure Time,2010,8.6
131,Ramayan,1987,9.0
132,The Boys,2019,8.6
133,Fighting Spirit,2000,8.8
134,Dexter,2006,8.6
135,1883,2021,8.7
136,Mr Inbetween,2018,8.7
137,The X-Files,1993,8.6
138,Parks and Recreation,2009,8.6
139,Sarabhai V/S Sarabhai,2004,8.8
140,One Punch Man,2015,8.6
141,Atlanta,2016,8.6
142,Deadwood,2004,8.6
143,The Crown,2016,8.6
144,House of Cards,2013,8.6
145,Poirot,1989,8.6
146,The Mandalorian,2019,8.6
147,Daredevil,2015,8.6
148,It's a Sin,2021,8.6
149,The Bridge,2011,8.6
150,Primal,2019,8.6
151,Mindhunter,2017,8.6
152,Lonesome Dove,1989,8.7
153,Mr. Bean,1990,8.6
154,Blackadder II,1986,8.6
155,Haikyu!!,2014,8.7
156,Shōgun,2024,8.6
157,Crash Landing on You,2019,8.7
158,The Offer,2022,8.6
159,Stranger Things,2016,8.6
160,El Chavo del Ocho,1972,8.7
161,The Bureau,2015,8.7
162,Pose,2018,8.6
163,The Return of Sherlock Holmes,1986,8.7
164,Yes Minister,1980,8.6
165,Gomorrah,2014,8.6
166,The Jinx: The Life and Deaths of Robert Durst,2015,8.6
167,Greatest Events of WWII in Colour,2019,8.6
168,Blackadder the Third,1987,8.6
169,The Penguin,2024,8.6
170,Andor,2022,8.6
171,Anne with an E,2017,8.6
172,The Newsroom,2012,8.6
173,Scavengers Reign,2023,8.6
174,Homicide: Life on the Street,1993,8.7
175,Boardwalk Empire,2010,8.6
176,Critical Role,2015,9.0
177,Archer,2009,8.6
178,Dopesick,2021,8.6
179,Mystery Science Theater 3000,1988,8.6
180,Yeh Meri Family,2018,8.9
181,Justified,2010,8.6
182,The Bugs Bunny Show,1960,8.6
183,QI,2003,8.6
184,Demon Slayer: Kimetsu no Yaiba,2019,8.6
185,Young Justice,2010,8.6
186,Battlestar Galactica,2003,8.5
187,Dragon Ball,1986,8.5
188,Endeavour,2012,8.6
189,The Venture Bros.,2003,8.6
190,Justice League,2001,8.5
191,What We Do in the Shadows,2019,8.5
192,"Yes, Prime Minister",1986,8.6
193,Dragon Ball,1995,8.5
194,The Haunting of Hill House,2018,8.5
195,Black Sun,2017,8.8
196,Samurai Champloo,2004,8.5
197,Flight of the Conchords,2007,8.5
198,The IT Crowd,2006,8.5
199,Regular Show,2010,8.6
200,The Family Man,2019,8.7
201,Rocket Boys,2022,8.8
202,Coupling,2000,8.5
203,Detectorists,2014,8.6
204,The Queen's Gambit,2020,8.5
205,Mr. Robot,2015,8.5
206,Samurai Jack,2001,8.5
207,I'm Alan Partridge,1997,8.6
208,Happy Valley,2014,8.5
209,The Rehearsal,2022,8.5
210,Ezel,2009,8.6
211,Long Way Round,2004,8.6
212,Making a Murderer,2015,8.5
213,Derry Girls,2018,8.5
214,Mob Psycho 100,2016,8.5
215,Twin Peaks,2017,8.5
216,Spaced,1999,8.5
217,Impractical Jokers,2011,8.5
218,Sons of Anarchy,2008,8.5
219,Whose Line Is It Anyway?,1998,8.5
220,Alchemy of Souls,2022,8.7
221,All Creatures Great & Small,2020,8.6
222,Solo Leveling,2024,8.5
223,Mind Your Language,1977,8.7
224,Jujutsu Kaisen,2020,8.5
225,Louie,2010,8.5
226,Adventure Time: Fionna & Cake,2023,8.7
227,Yellowstone,2018,8.6
228,Neon Genesis Evangelion,1995,8.5
229,Through the Wormhole,2010,8.6
230,The Eric Andre Show,2012,8.5
231,My Brilliant Friend,2018,8.6
232,The Office,2001,8.5
233,Trailer Park Boys,2001,8.5
234,Schitt's Creek,2015,8.5
235,The Great British Baking Show,2010,8.6
236,The Expanse,2015,8.5
237,Silicon Valley,2014,8.5
238,Rurouni Kenshin: Trust & Betrayal,1999,8.6
239,The Bear,2022,8.5
240,Gintama,2005,8.7
241,Brass Eye,1997,8.6
242,Takopi's Original Sin,2025,8.7
243,Avrupa Yakasi,2004,8.6
244,Fullmetal Alchemist,2003,8.5
245,Futurama,1999,8.5
246,The Boondocks,2005,8.5
247,Your Lie in April,2014,8.5
248,Hannibal,2013,8.5
249,Foyle's War,2002,8.6
250,Twinkling Watermelon,2023,8.9
